Hospital,Link,Address
Children's Hospital of Philadelphia,/best-hospitals/area/pa/childrens-hospital-of-philadelphia-6231730,"Philadelphia, PA 19104-4319"
Dana-Farber/Boston Children's Cancer and Blood Disorders Center,/best-hospitals/area/ma/dana-farber-cancer-institute-6140583,"Boston, MA 02215"
Cincinnati Children's Hospital Medical Center,/best-hospitals/area/oh/cincinnati-childrens-hospital-medical-center-6410391,"Cincinnati, OH 45229-3039"
Texas Children's Hospital,/best-hospitals/area/tx/texas-childrens-hospital-6742018,"Houston, TX 77030-2399"
Children's National Hospital,/best-hospitals/area/dc/childrens-national-medical-center-6330030,"Washington, DC 20010-2916"
Children's Healthcare of Atlanta,/best-hospitals/area/ga/childrens-healthcare-of-atlanta-6380021,"Atlanta, GA 30329-2303"
Children's Hospital Los Angeles,/best-hospitals/area/ca/childrens-hospital-los-angeles-6931470,"Los Angeles, CA 90027-6062"
Nationwide Children's Hospital,/best-hospitals/area/oh/nationwide-childrens-hospital-6410950,"Columbus, OH 43205-2664"
Children's Hospital Colorado,/best-hospitals/area/co/childrens-hospital-colorado-6840280,"Aurora, CO 80045-7106"
St. Jude Children's Research Hospital,/best-hospitals/area/tn/st-jude-childrens-research-hospital-6520815,"Memphis, TN 38105-3678"
Seattle Children's Hospital,/best-hospitals/area/wa/seattle-childrens-hospital-6910560,"Seattle, WA 98105-3901"
Johns Hopkins Children's Center,/best-hospitals/area/md/johns-hopkins-childrens-center-PA6320180,"Baltimore, MD 21287"
Memorial Sloan Kettering Children’s Cancer Center,/best-hospitals/area/ny/claire-tow-pediatric-pavilionat-memorial-sloan-kettering-cancer-center-new-york-PA6213060,"New York, NY NY"
"UCSF Benioff Children's Hospitals, San Francisco and Oakland",/best-hospitals/area/ca/ucsf-benioff-childrens-hospital-PA6930043,"San Francisco, CA 94143"
Ann and Robert H. Lurie Children's Hospital of Chicago,/best-hospitals/area/il/ann-and-robert-h-lurie-childrens-hospital-of-chicago-6430560,"Chicago, IL 60611"
Lucile Packard Children's Hospital Stanford,/best-hospitals/area/ca/lucile-salter-packard-childrens-hospital-at-stanford-6933605,"Palo Alto, CA 94304-1601"
Children's Hospital at Montefiore,/best-hospitals/area/ny/childrens-hospital-at-montefiore-PA6213100,"Bronx, NY 10467"
Cleveland Clinic Children's Hospital,/best-hospitals/area/oh/childrens-hospital-cleveland-clinic-PA6410670,"Cleveland, OH 44195"
UPMC Children's Hospital of Pittsburgh,/best-hospitals/area/pa/childrens-hospital-of-pittsburgh-of-upmc-6232430,"Pittsburgh, PA 15224"
Riley Hospital for Children at IU Health,/best-hospitals/area/in/riley-hospital-for-children-at-iu-health-PA6420020,"Indianapolis, IN 46202"
Monroe Carell Jr. Children's Hospital at Vanderbilt,/best-hospitals/area/tn/monroe-carell-jr-childrens-hospital-at-vanderbilt-PA6521060,"Nashville, TN 37232"
Children's Medical Center Dallas,/best-hospitals/area/tx/childrens-medical-center-of-dallas-6740935,"Dallas, TX 75235-7794"
Intermountain Primary Children's Hospital-University of Utah,/best-hospitals/area/ut/primary-childrens-medical-center-6870280,"Salt Lake City, UT 84113-1100"
CHOC Children's Hospital,/best-hospitals/area/ca/childrens-hospital-of-orange-county-6932287,"Orange, CA 92868-3835"
St. Louis Children's Hospital-Washington University,/best-hospitals/area/mo/st-louis-childrens-hospital-6631180,"Saint Louis, MO 63110-1002"
University of Michigan Health C.S. Mott Children’s Hospital,/best-hospitals/area/mi/university-of-michigan-cs-mott-childrens-hospital-PA6440110,"Ann Arbor, MI 48109"
Children's Hospital of Alabama at UAB,/best-hospitals/area/al/childrens-hospital-of-alabama-at-uab-6530170,"Birmingham, AL 35233-1785"
Children's Mercy Kansas City Hospital,/best-hospitals/area/mo/childrens-mercy-hospitals-and-clinics-6630340,"Kansas City, MO 64108-4619"
Rainbow Babies and Children's Hospital,/best-hospitals/area/oh/rainbow-babies-and-childrens-hospital-PA6410920,"Cleveland, OH 44106"
Cohen Children's Medical Center,/best-hospitals/area/ny/steven-and-alexandra-cohen-childrens-medical-center-PA6211680,"New Hyde Park, NY 11040"
UCLA Mattel Children's Hospital,/best-hospitals/area/ca/mattel-childrens-hospital-ucla-PA6931755,"Los Angeles, CA 90095"
Duke Children's Hospital and Health Center,/best-hospitals/area/nc/duke-childrens-hospital-and-health-center-PA6360355,"Durham, NC 27710"
Rady Children's Hospital,/best-hospitals/area/ca/rady-childrens-hospital-6932775,"San Diego, CA 92123-4282"
Levine Children's Hospital,/best-hospitals/area/nc/levine-childrens-hospital-PA6360280,"Charlotte, NC 28203"
Mayo Clinic Children's Center,/best-hospitals/area/mn/mayo-clinic-childrens-center-PA6610451,"Rochester, MN 55902"
Phoenix Children's Hospital,/best-hospitals/area/az/phoenix-childrens-hospital-6860210,"Phoenix, AZ 85016-7710"
Children's Wisconsin Hospital,/best-hospitals/area/wi/childrens-hospital-of-wisconsin-6451030,"Milwaukee, WI 53226-4810"
Penn State Health Children's Hospital,/best-hospitals/area/pa/penn-state-hershey-childrens-hospital-PA6230705,"Hershey, PA 17033"
Nemours Children's Hospital-Delaware,/best-hospitals/area/de/nemours-alfred-i-dupont-hospital-for-children-6310110,"Wilmington, DE 19803-3616"
Doernbecher Children's Hospital at Oregon Health and Science University,/best-hospitals/area/or/doernbecher-childrens-hospital-at-oregon-health-and-science-university-PA6920570,"Portland, OR 97239"
Children's Cancer Hospital-University of Texas M.D. Anderson Cancer Center,/best-hospitals/area/tx/childrens-cancer-hospital-university-of-texas-md-anderson-cancer-center-PA6741945,"Houston, TX TX"
Hackensack Meridian Health Sanzari and Hovnanian Children’s Hospitals,/best-hospitals/area/nj/joseph-m-sanzari-childrens-hospital-at-hackensack-university-medical-center-PA6220340,"Hackensack, NJ 07601"
Johns Hopkins All Children's Hospital,/best-hospitals/area/fl/all-childrens-hospital-6390900,"Saint Petersburg, FL 33701-4634"
MUSC Shawn Jenkins Children's Hospital,/best-hospitals/area/sc/medical-university-of-south-carolina-childrens-hospital-PA6370085,"Charleston, SC 29425"
North Carolina Children's Hospital at UNC,/best-hospitals/area/nc/north-carolina-childrens-hospital-at-unc-PA6360260,"Chapel Hill, NC 27514"
UF Health Shands Children's Hospital,/best-hospitals/area/fl/uf-health-shands-childrens-hospital-PA6390283,"Gainesville, FL 32608"
New York-Presbyterian Hospital-Columbia and Cornell,/best-hospitals/area/ny/new-york-presbyterian-morgan-stanley-komansky-childrens-hospital-PA6210024,"New York, NY 10032"
Spectrum Health Helen DeVos Children's Hospital,/best-hospitals/area/mi/spectrum-health-helen-devos-childrens-hospital-PA6440021,"Grand Rapids, MI 49503"
SSM Health Cardinal Glennon Children's Hospital-St. Louis University,/best-hospitals/area/mo/ssm-cardinal-glennon-childrens-medical-center-6630945,"Saint Louis, MO 63104-1095"
Children's Hospital of Richmond at VCU,/best-hospitals/area/va/childrens-hospital-of-richmond-PA6340860,"Richmond, VA 23219"
Akron Children's Hospital,/best-hospitals/area/oh/akron-childrens-hospital-6410055,"Akron, OH 44308-1062"
American Family Children's Hospital,/best-hospitals/area/wi/american-family-childrens-hospital-PA6450820,"Madison, WI 53792"
Arkansas Children's Hospital,/best-hospitals/area/ar/arkansas-childrens-hospital-6710340,"Little Rock, AR 72202-3500"
Arnold Palmer Hospital for Children,/best-hospitals/area/fl/arnold-palmer-medical-center-PA6390695,"Orlando, FL 32806"
Bernard & Millie Duker Children's Hospital at Albany Medical Center,/best-hospitals/area/ny/bernard-millie-duker-childrens-hospital-at-albany-medical-center-PA6210030,"Albany, NY 12208-3478"
Brenner Children's Hospital,/best-hospitals/area/nc/brenner-childrens-hospital-PA6361700,"Winston-Salem, NC 27157-0001"
Bristol-Myers Squibb Children's Hospital at RWJ Univ. Hosp.,/best-hospitals/area/nj/bristol-myers-squibb-childrens-hospital-at-rwj-univ-hosp-PA6220920,"New Brunswick, NJ 08901"
Children's Hospital and Medical Center,/best-hospitals/area/ne/childrens-hospital-and-medical-center-6660635,"Omaha, NE 68114-4113"
Children's Hospital at Dartmouth,/best-hospitals/area/nh/childrens-hospital-at-dartmouth-PA6120170,"Lebanon, NH NH"
Children's Hospital New Orleans,/best-hospitals/area/la/childrens-hospital-6720520,"New Orleans, LA 70118-5720"
Children's Hospital of Michigan,/best-hospitals/area/mi/childrens-hospital-of-michigan-6440480,"Detroit, MI 48201-2119"
Children's Hospital of the University of Illinois,/best-hospitals/area/il/childrens-hospital-of-the-university-of-illinois-PA6430553,"Chicago, IL IL"
Connecticut Children's Medical Center,/best-hospitals/area/ct/connecticut-childrens-medical-center-6160450,"Hartford, CT 06106-3322"
Cook Children's Medical Center,/best-hospitals/area/tx/cook-childrens-medical-center-6741425,"Fort Worth, TX 76104-2796"
Dayton Children's Hospital,/best-hospitals/area/oh/childrens-medical-center-6411160,"Dayton, OH 45404-1815"
Dell Children's Medical Center,/best-hospitals/area/tx/dell-childrens-medical-center-of-central-texas-6740147,"Austin, TX 78723-3079"
Driscoll Children's Hospital,/best-hospitals/area/tx/driscoll-childrens-hospital-6740737,"Corpus Christi, TX 78411-1785"
Goryeb Children's Hospital,/best-hospitals/area/nj/goryeb-childrens-hospital-morristown-nj-PA6220680,"Morristown, NJ NJ"
Holtz Children's Hospital at UM-Jackson Memorial Medical Center,/best-hospitals/area/fl/holtz-childrens-hospital-at-um-jackson-memorial-medical-center-PA6390573,"Miami, FL 33136"
Janet Weis Children's Hospital at Geisinger,/best-hospitals/area/pa/janet-weis-childrens-hospital-at-geisinger-PA6230550,"Danville, PA PA"
Jimmy Everest Center for Cancer and Blood Disorders in Children,/best-hospitals/area/ok/childrens-hospital-at-ou-medical-center-PA6730024,"Oklahoma City, OK 73104"
Joe DiMaggio Children's Hospital at Memorial,/best-hospitals/area/fl/joe-dimaggio-childrens-hospital-at-memorial-regional-hospital-PA6390295,"Hollywood, FL 33021-5421"
Kentucky Children's Hospital,/best-hospitals/area/ky/kentucky-childrens-hospital-PA6510455,"Lexington, KY 40536"
Loma Linda University Children's Hospital,/best-hospitals/area/ca/loma-linda-university-childrens-hospital-6930206,"Loma Linda, CA 92354-2804"
Maria Fareri Children's Hospital at Westchester Medical Center,/best-hospitals/area/ny/maria-fareri-childrens-hospital-at-westchester-medical-center-PA6215150,"Valhalla, NY 10595"
MemorialCare Miller Children's and Women's Hospital Long Beach,/best-hospitals/area/ca/miller-childrens-hospital-6930103,"Long Beach, CA 90806-1701"
M Health Fairview Masonic Children's Hospital,/best-hospitals/area/mn/university-of-minnesota-childrens-hospital-PA6610004,"Minneapolis, MN 55454"
Mount Sinai Kravis Children's Hospital,/best-hospitals/area/ny/mount-sinai-kravis-childrens-hospital-PA6213140,"New York, NY 10029"
Nemours Children's Hospital-Florida,/best-hospitals/area/fl/nemours-childrens-hospital-6390687,"Orlando, FL 32827-7402"
Nicklaus Children's Hospital,/best-hospitals/area/fl/miami-childrens-hospital-6390625,"Miami, FL 33155-3009"
Norton Children's Hospital,/best-hospitals/area/ky/kosair-childrens-hospital-6510540,"Louisville, KY 40202-1821"
Ochsner Hospital for Children,/best-hospitals/area/la/ochsner-hospital-for-children-new-orleans-PA6720631,"New Orleans, LA LA"
OSF HealthCare Children's Hospital of Illinois,/best-hospitals/area/il/childrens-hospital-of-illinois-PA6432620,"Peoria, IL 61637-0001"
Roswell Park Oishei Children’s Cancer and Blood Disorders Program,/best-hospitals/area/ny/roswell-park-cancer-institute-6211120,"Buffalo, NY 14263-0001"
University of Chicago Comer Children's Hospital,/best-hospitals/area/il/university-of-chicago-comer-childrens-hospital-PA6431210,"Chicago, IL 60637"
University of Iowa Stead Family Children's Hospital,/best-hospitals/area/ia/university-of-iowa-childrens-hospital-PA6620765,"Iowa City, IA 52242"
University of Maryland Children's Hospital,/best-hospitals/area/md/university-of-maryland-hospital-for-children-PA6320330,"Baltimore, MD MD"
University of New Mexico Children's Hospital,/best-hospitals/area/nm/university-of-new-mexico-childrens-hospital-PA6850037,"Albuquerque, NM NM"
University of Rochester-Golisano Children's Hospital,/best-hospitals/area/ny/university-of-rochester-golisano-childrens-hospital-PA6214330,"Rochester, NY 14642"
University of Vermont Children's Hospital,/best-hospitals/area/vt/vermont-childrens-hospital-at-fletcher-allen-health-care-PA6130001,"Burlington, VT 05401"
University of Virginia Children's Hospital,/best-hospitals/area/va/university-of-virginia-childrens-hospital-PA6344000,"Charlottesville, VA 22908-0001"
Valley Children's Healthcare and Hospital,/best-hospitals/area/ca/valley-childrens-healthcare-and-hospital-6930814,"Madera, CA 93636-8762"
West Virginia University Children's Hospital,/best-hospitals/area/wv/west-virginia-university-childrens-hospital-PA6350007,"Morgantown, WV 26506"
Wolfson Children's Hospital,/best-hospitals/area/fl/wolfson-childrens-hospital-PA6390308,"Jacksonville, FL 32207"
Yale New Haven Children's Hospital,/best-hospitals/area/ct/yale-new-haven-childrens-hospital-PA6160400,"New Haven, CT 06510"
